"filename", "language", "YAML", "JSON", "Markdown", "JSON with Comments", "JavaScript", "HTML", "CSS", "XML", "comment", "blank", "total"
"d:\Git\Note\note_hexo\_config.yml", "YAML", 104, 0, 0, 0, 0, 0, 0, 0, 36, 18, 158
"d:\Git\Note\note_hexo\package.json", "JSON", 0, 34, 0, 0, 0, 0, 0, 0, 0, 1, 35
"d:\Git\Note\note_hexo\scaffolds\draft.md", "Markdown", 0, 0, 4, 0, 0, 0, 0, 0, 0, 1, 5
"d:\Git\Note\note_hexo\scaffolds\page.md", "Markdown", 0, 0, 4, 0, 0, 0, 0, 0, 0, 1, 5
"d:\Git\Note\note_hexo\scaffolds\post.md", "Markdown", 0, 0, 5, 0, 0, 0, 0, 0, 0, 1, 6
"d:\Git\Note\note_hexo\source\_posts\0392a0e3ceaeed8b3de4b915d8129b9bc39ecb46.md", "Markdown", 0, 0, 473, 0, 0, 0, 0, 0, 0, 143, 616
"d:\Git\Note\note_hexo\source\_posts\053607f1ecbb56d63ebb7de4259e83a4be807ce6.md", "Markdown", 0, 0, 38, 0, 0, 0, 0, 0, 0, 18, 56
"d:\Git\Note\note_hexo\source\_posts\07578cff2dd4bfd8c55f223f930878824a64ceaa.md", "Markdown", 0, 0, 223, 0, 0, 0, 0, 0, 0, 107, 330
"d:\Git\Note\note_hexo\source\_posts\0951b49d41f9fcd124f4e34b6dcdd3a8b3c57776.md", "Markdown", 0, 0, 188, 0, 0, 0, 0, 0, 0, 90, 278
"d:\Git\Note\note_hexo\source\_posts\0b3130ada3d0531d62d35d48e876a299c5888b77.md", "Markdown", 0, 0, 81, 0, 0, 0, 0, 0, 0, 38, 119
"d:\Git\Note\note_hexo\source\_posts\0c32955781debd23d9593f3ed51d05fde4a7304f.md", "Markdown", 0, 0, 89, 0, 0, 0, 0, 0, 0, 33, 122
"d:\Git\Note\note_hexo\source\_posts\10d99ef2a6dd035cac70c5f8def086cda109f1ad.md", "Markdown", 0, 0, 41, 0, 0, 0, 0, 0, 0, 27, 68
"d:\Git\Note\note_hexo\source\_posts\128e80a43f1ada4a71707853f6686b261ffbe241.md", "Markdown", 0, 0, 106, 0, 0, 0, 0, 0, 0, 124, 230
"d:\Git\Note\note_hexo\source\_posts\152d72cba6e2a9d433c833539acb7aad0d157e32.md", "Markdown", 0, 0, 61, 0, 0, 0, 0, 0, 0, 29, 90
"d:\Git\Note\note_hexo\source\_posts\168f80ccc9a1e0380cb794165e96a3ede46e9989.md", "Markdown", 0, 0, 326, 0, 0, 0, 0, 0, 0, 86, 412
"d:\Git\Note\note_hexo\source\_posts\1724764acb83566cfbcc5cedf7fe0bf07a4ed3a1.md", "Markdown", 0, 0, 118, 0, 0, 0, 0, 0, 0, 62, 180
"d:\Git\Note\note_hexo\source\_posts\1fb05f97cf4037d2eec2f0599f188ff8500faf52.md", "Markdown", 0, 0, 45, 0, 0, 0, 0, 0, 0, 34, 79
"d:\Git\Note\note_hexo\source\_posts\28d1a8623c53b973e6eba5aa565993ad168ff4c7.md", "Markdown", 0, 0, 51, 0, 0, 0, 0, 0, 0, 37, 88
"d:\Git\Note\note_hexo\source\_posts\28d7c50088a145a2bd9672fc6e86430b1c6c7778.md", "Markdown", 0, 0, 353, 0, 0, 0, 0, 0, 0, 330, 683
"d:\Git\Note\note_hexo\source\_posts\2d1f9519eec9a78f5d1c656af80d324daef1e7d3.md", "Markdown", 0, 0, 53, 0, 0, 0, 0, 0, 0, 30, 83
"d:\Git\Note\note_hexo\source\_posts\2ecb1b3db0ee1e06c985b053a234f661d8ad4410.md", "Markdown", 0, 0, 15, 0, 0, 0, 0, 0, 0, 5, 20
"d:\Git\Note\note_hexo\source\_posts\2f88c002ba6526df0f92a7b357c463949c11dcf1.md", "Markdown", 0, 0, 137, 0, 0, 0, 0, 0, 0, 46, 183
"d:\Git\Note\note_hexo\source\_posts\33120becbdc187139d7db6f82981ed7857eb67c4.md", "Markdown", 0, 0, 540, 0, 0, 0, 0, 0, 0, 164, 704
"d:\Git\Note\note_hexo\source\_posts\34423981d978e285acba77d18622f5a99ad45aeb.md", "Markdown", 0, 0, 164, 0, 0, 0, 0, 0, 0, 38, 202
"d:\Git\Note\note_hexo\source\_posts\3971919f211d721a9f8d95e718242813c25f0224.md", "Markdown", 0, 0, 39, 0, 0, 0, 0, 0, 0, 20, 59
"d:\Git\Note\note_hexo\source\_posts\398c907730d3d916e72688bf34e18ad17c4edeff.md", "Markdown", 0, 0, 58, 0, 0, 0, 0, 0, 0, 35, 93
"d:\Git\Note\note_hexo\source\_posts\41291e4cef1b7c5ee961eb9d22af60f1f3203b23.md", "Markdown", 0, 0, 61, 0, 0, 0, 0, 0, 0, 63, 124
"d:\Git\Note\note_hexo\source\_posts\508c9a68905bb93d25c20ae865f0112a1de431d4.md", "Markdown", 0, 0, 193, 0, 0, 0, 0, 0, 0, 36, 229
"d:\Git\Note\note_hexo\source\_posts\559d1c14e339502eb59ce0020fe110f15c087dee.md", "Markdown", 0, 0, 74, 0, 0, 0, 0, 0, 0, 28, 102
"d:\Git\Note\note_hexo\source\_posts\56cb0e4adfad291addb261565828641abeb80450.md", "Markdown", 0, 0, 40, 0, 0, 0, 0, 0, 0, 22, 62
"d:\Git\Note\note_hexo\source\_posts\56d70cf3369177ebae7b633765b1511801136821.md", "Markdown", 0, 0, 41, 0, 0, 0, 0, 0, 0, 27, 68
"d:\Git\Note\note_hexo\source\_posts\5e9148833be13811cc59d73a3b6e21becdfa6d33.md", "Markdown", 0, 0, 33, 0, 0, 0, 0, 0, 0, 17, 50
"d:\Git\Note\note_hexo\source\_posts\620293c2dd4cc0e2283aea0680aff5d2076e8bfb.md", "Markdown", 0, 0, 87, 0, 0, 0, 0, 0, 0, 63, 150
"d:\Git\Note\note_hexo\source\_posts\67a4849e0e109ca44843a368388ff861956e472d.md", "Markdown", 0, 0, 16, 0, 0, 0, 0, 0, 0, 6, 22
"d:\Git\Note\note_hexo\source\_posts\689f27ebabe459360038ee0e75643af26f2e718a.md", "Markdown", 0, 0, 53, 0, 0, 0, 0, 0, 0, 38, 91
"d:\Git\Note\note_hexo\source\_posts\6978a289dcba3aeb0d923a1a4eccfa6de5d90adb.md", "Markdown", 0, 0, 36, 0, 0, 0, 0, 0, 0, 13, 49
"d:\Git\Note\note_hexo\source\_posts\6f252f6a1db58de9aa515272f56dab6e4f95c489.md", "Markdown", 0, 0, 23, 0, 0, 0, 0, 0, 0, 12, 35
"d:\Git\Note\note_hexo\source\_posts\77451a76ae1222084a1d5bf6efd199dc659c54c0.md", "Markdown", 0, 0, 48, 0, 0, 0, 0, 0, 0, 11, 59
"d:\Git\Note\note_hexo\source\_posts\7864604a0891d53c1a4994773d776e209e02b19f.md", "Markdown", 0, 0, 629, 0, 0, 0, 0, 0, 0, 426, 1055
"d:\Git\Note\note_hexo\source\_posts\7b091b2e5e657dc1b00930468a070a01e85e4293.md", "Markdown", 0, 0, 43, 0, 0, 0, 0, 0, 0, 20, 63
"d:\Git\Note\note_hexo\source\_posts\7b448d3954955971e57a58afd73611f31b5e5a6c.md", "Markdown", 0, 0, 58, 0, 0, 0, 0, 0, 0, 56, 114
"d:\Git\Note\note_hexo\source\_posts\7bacfdd00ff5a8e8d795626f99fe26ccfd3f2bee.md", "Markdown", 0, 0, 61, 0, 0, 0, 0, 0, 0, 51, 112
"d:\Git\Note\note_hexo\source\_posts\7bf3c7f1c32eb04fedc6483bf336ade813fdbba4.md", "Markdown", 0, 0, 29, 0, 0, 0, 0, 0, 0, 18, 47
"d:\Git\Note\note_hexo\source\_posts\8183437d1e8a3a1b5ffeb5e902bff641794983a4.md", "Markdown", 0, 0, 90, 0, 0, 0, 0, 0, 0, 36, 126
"d:\Git\Note\note_hexo\source\_posts\83c7554526d9f6f294c507e0cebbc479c501c9b6.md", "Markdown", 0, 0, 18, 0, 0, 0, 0, 0, 0, 8, 26
"d:\Git\Note\note_hexo\source\_posts\84abb5852d04cebae88a5ff2c7454d832391fecf.md", "Markdown", 0, 0, 352, 0, 0, 0, 0, 0, 0, 143, 495
"d:\Git\Note\note_hexo\source\_posts\86a4ca2747eb0b337ebe6bd34e1d8f48db19e6e6.md", "Markdown", 0, 0, 139, 0, 0, 0, 0, 0, 0, 59, 198
"d:\Git\Note\note_hexo\source\_posts\88126fb48eff3a2801350be86a88d44654485719.md", "Markdown", 0, 0, 21, 0, 0, 0, 0, 0, 0, 7, 28
"d:\Git\Note\note_hexo\source\_posts\8b9b73b54d7308edd29570d8d41c94b255818281.md", "Markdown", 0, 0, 315, 0, 0, 0, 0, 0, 0, 87, 402
"d:\Git\Note\note_hexo\source\_posts\8d431f07c8d4c47c4e9646c57f218a9fa1d9864a.md", "Markdown", 0, 0, 228, 0, 0, 0, 0, 0, 0, 95, 323
"d:\Git\Note\note_hexo\source\_posts\939ad8bd1529bf657e3a88d27d336d13020d0bb4.md", "Markdown", 0, 0, 147, 0, 0, 0, 0, 0, 0, 52, 199
"d:\Git\Note\note_hexo\source\_posts\9bc9a7485650f095deaae9b54954ff069f4b967c.md", "Markdown", 0, 0, 160, 0, 0, 0, 0, 0, 0, 81, 241
"d:\Git\Note\note_hexo\source\_posts\a40746dc076dc0723d0b0f534a88fdc8d9835bfe.md", "Markdown", 0, 0, 557, 0, 0, 0, 0, 0, 0, 228, 785
"d:\Git\Note\note_hexo\source\_posts\a69be125961a1ce5fdd646ee40f33bddb5085f93.md", "Markdown", 0, 0, 272, 0, 0, 0, 0, 0, 0, 202, 474
"d:\Git\Note\note_hexo\source\_posts\a8a30876dbd0634ee6c5cea023ef0046c4106029.md", "Markdown", 0, 0, 93, 0, 0, 0, 0, 0, 0, 39, 132
"d:\Git\Note\note_hexo\source\_posts\abbec60d7f2fb585a004df0095b46c95af076c53.md", "Markdown", 0, 0, 122, 0, 0, 0, 0, 0, 0, 71, 193
"d:\Git\Note\note_hexo\source\_posts\abbf70ac8ba77757a641c0239455ace455e75d93.md", "Markdown", 0, 0, 139, 0, 0, 0, 0, 0, 0, 64, 203
"d:\Git\Note\note_hexo\source\_posts\acc2d6da5dd37affe3f03e94d2997ae7cd02bc92.md", "Markdown", 0, 0, 398, 0, 0, 0, 0, 0, 0, 188, 586
"d:\Git\Note\note_hexo\source\_posts\b16b8cbb6354ce048d8af60c5393d71fef7ff366.md", "Markdown", 0, 0, 41, 0, 0, 0, 0, 0, 0, 47, 88
"d:\Git\Note\note_hexo\source\_posts\b53e358a25ba3e25467609d60291ee2c9907edf2.md", "Markdown", 0, 0, 334, 0, 0, 0, 0, 0, 0, 149, 483
"d:\Git\Note\note_hexo\source\_posts\b780bb9e95975417c037cc3060dfd3da8b830810.md", "Markdown", 0, 0, 62, 0, 0, 0, 0, 0, 0, 35, 97
"d:\Git\Note\note_hexo\source\_posts\b8bc8d6b00b5f8aacbc31724c33dd6ecb004e746.md", "Markdown", 0, 0, 68, 0, 0, 0, 0, 0, 0, 16, 84
"d:\Git\Note\note_hexo\source\_posts\ba467b73efcd15a60483f83c189c000cf0942806.md", "Markdown", 0, 0, 74, 0, 0, 0, 0, 0, 0, 40, 114
"d:\Git\Note\note_hexo\source\_posts\bb000b546660c66d13b4e96258ca3f5a491be94a.md", "Markdown", 0, 0, 57, 0, 0, 0, 0, 0, 0, 25, 82
"d:\Git\Note\note_hexo\source\_posts\bcc078844d812baf3f3b68274a6e012c483473c3.md", "Markdown", 0, 0, 26, 0, 0, 0, 0, 0, 0, 19, 45
"d:\Git\Note\note_hexo\source\_posts\c105306376235e068a5bdf844b850dfeef744b03.md", "Markdown", 0, 0, 99, 0, 0, 0, 0, 0, 0, 34, 133
"d:\Git\Note\note_hexo\source\_posts\c2e8c098df921faf1829e09a3915f459a93b29d0.md", "Markdown", 0, 0, 31, 0, 0, 0, 0, 0, 0, 29, 60
"d:\Git\Note\note_hexo\source\_posts\d1804a15ace07b410373641e47601a0feea08b84.md", "Markdown", 0, 0, 35, 0, 0, 0, 0, 0, 0, 18, 53
"d:\Git\Note\note_hexo\source\_posts\d2cb8fb770f80b19ad9497aaca6122a86a7a16bf.md", "Markdown", 0, 0, 70, 0, 0, 0, 0, 0, 0, 14, 84
"d:\Git\Note\note_hexo\source\_posts\d39be376aabd974a170ece9d764aefad9a10716a.md", "Markdown", 0, 0, 34, 0, 0, 0, 0, 0, 0, 15, 49
"d:\Git\Note\note_hexo\source\_posts\d3a05d21422f48a7ec5201cd68c70d24af5ce081.md", "Markdown", 0, 0, 65, 0, 0, 0, 0, 0, 0, 28, 93
"d:\Git\Note\note_hexo\source\_posts\d654a8e3a8d8cd17a3ce34bfdb21aca3bf2174a8.md", "Markdown", 0, 0, 29, 0, 0, 0, 0, 0, 0, 13, 42
"d:\Git\Note\note_hexo\source\_posts\dafbf23c5bb3f1d8424b4f834eebbe9529c9a5a2.md", "Markdown", 0, 0, 127, 0, 0, 0, 0, 0, 0, 79, 206
"d:\Git\Note\note_hexo\source\_posts\db420423d1fbc960f8c883a692a8a16e45a73523.md", "Markdown", 0, 0, 129, 0, 0, 0, 0, 0, 0, 58, 187
"d:\Git\Note\note_hexo\source\_posts\ddf3c4fa453b37a29757e2fadc5ce4bdc4f3368c.md", "Markdown", 0, 0, 2960, 0, 0, 0, 0, 0, 0, 1458, 4418
"d:\Git\Note\note_hexo\source\_posts\dffaec73c007ef934fe39c476c8808f2511390b2.md", "Markdown", 0, 0, 99, 0, 0, 0, 0, 0, 0, 59, 158
"d:\Git\Note\note_hexo\source\_posts\e1257bd34fdb147bfaa2dba0b1d8b5f7a8d1c85b.md", "Markdown", 0, 0, 341, 0, 0, 0, 0, 0, 0, 103, 444
"d:\Git\Note\note_hexo\source\_posts\e3241164d2ab8c7695daba3b911d08ae7e2b2873.md", "Markdown", 0, 0, 15, 0, 0, 0, 0, 0, 0, 2, 17
"d:\Git\Note\note_hexo\source\_posts\e4b141ee8dc17c4b43e1fd1f735217e727de0901.md", "Markdown", 0, 0, 21, 0, 0, 0, 0, 0, 0, 11, 32
"d:\Git\Note\note_hexo\source\_posts\e74920cc7906fcb231ccf12aa8c5650951c16c02.md", "Markdown", 0, 0, 800, 0, 0, 0, 0, 0, 0, 339, 1139
"d:\Git\Note\note_hexo\source\_posts\e85089d47d0a9a1e5419aad022437f772a987bd7.md", "Markdown", 0, 0, 60, 0, 0, 0, 0, 0, 0, 23, 83
"d:\Git\Note\note_hexo\source\_posts\ea19a057b9f6962770374b42fe9d89e6419c5b15.md", "Markdown", 0, 0, 50, 0, 0, 0, 0, 0, 0, 61, 111
"d:\Git\Note\note_hexo\source\_posts\eae48e333decc89b2d7694211309b582a3a53702.md", "Markdown", 0, 0, 40, 0, 0, 0, 0, 0, 0, 27, 67
"d:\Git\Note\note_hexo\source\_posts\ec75ee41345f503e58f539d384bf00b7f6619bf3.md", "Markdown", 0, 0, 102, 0, 0, 0, 0, 0, 0, 54, 156
"d:\Git\Note\note_hexo\source\_posts\edeac672c5add21d3ccf7222dee322ab10cfc8d3.md", "Markdown", 0, 0, 275, 0, 0, 0, 0, 0, 0, 72, 347
"d:\Git\Note\note_hexo\source\_posts\edefd41cca3bfb461242cf05e60f7dad6fd1663e.md", "Markdown", 0, 0, 79, 0, 0, 0, 0, 0, 0, 39, 118
"d:\Git\Note\note_hexo\source\_posts\f4d9b39cffbb9a542e360bd81bf53fa67120f26c.md", "Markdown", 0, 0, 80, 0, 0, 0, 0, 0, 0, 42, 122
"d:\Git\Note\note_hexo\source\_posts\f73bfa22fa41a750b86dbbf00f115c1aee76a24c.md", "Markdown", 0, 0, 101, 0, 0, 0, 0, 0, 0, 47, 148
"d:\Git\Note\note_hexo\source\_posts\f7bf833465dabddc3cd869dddcaf81e9212e2ad6.md", "Markdown", 0, 0, 322, 0, 0, 0, 0, 0, 0, 169, 491
"d:\Git\Note\note_hexo\source\_posts\fb2736e62d44c8a1f1c732650a20795e18086c1b.md", "Markdown", 0, 0, 55, 0, 0, 0, 0, 0, 0, 51, 106
"d:\Git\Note\note_hexo\source\_posts\fe1909fe74c4cb6f352187498b19f73b6b30b23d.md", "Markdown", 0, 0, 19, 0, 0, 0, 0, 0, 0, 11, 30
"d:\Git\Note\note_hexo\source\categories\index.md", "Markdown", 0, 0, 6, 0, 0, 0, 0, 0, 0, 1, 7
"d:\Git\Note\note_hexo\source\tags\index.md", "Markdown", 0, 0, 6, 0, 0, 0, 0, 0, 0, 1, 7
"d:\Git\Note\note_hexo\themes\3hexo\README.md", "Markdown", 0, 0, 60, 0, 0, 0, 0, 0, 0, 10, 70
"d:\Git\Note\note_hexo\themes\3hexo\_config.yml", "YAML", 156, 0, 0, 0, 0, 0, 0, 0, 120, 44, 320
"d:\Git\Note\note_hexo\themes\3hexo\languages\en.yml", "YAML", 34, 0, 0, 0, 0, 0, 0, 0, 0, 0, 34
"d:\Git\Note\note_hexo\themes\3hexo\languages\zh-CN.yml", "YAML", 34, 0, 0, 0, 0, 0, 0, 0, 0, 0, 34
"d:\Git\Note\note_hexo\themes\3hexo\layout\_partial\article.ejs", "HTML", 0, 0, 0, 0, 0, 113, 0, 0, 0, 4, 117
"d:\Git\Note\note_hexo\themes\3hexo\layout\_partial\article_copyright.ejs", "HTML", 0, 0, 0, 0, 0, 13, 0, 0, 0, 1, 14
"d:\Git\Note\note_hexo\themes\3hexo\layout\_partial\comment.ejs", "HTML", 0, 0, 0, 0, 0, 6, 0, 0, 0, 0, 6
"d:\Git\Note\note_hexo\themes\3hexo\layout\_partial\comments\click2show.ejs", "HTML", 0, 0, 0, 0, 0, 31, 0, 0, 0, 1, 32
"d:\Git\Note\note_hexo\themes\3hexo\layout\_partial\comments\disqus.ejs", "HTML", 0, 0, 0, 0, 0, 19, 0, 0, 1, 1, 21
"d:\Git\Note\note_hexo\themes\3hexo\layout\_partial\comments\giscus.ejs", "HTML", 0, 0, 0, 0, 0, 24, 0, 0, 0, 0, 24
"d:\Git\Note\note_hexo\themes\3hexo\layout\_partial\comments\gitalk.ejs", "HTML", 0, 0, 0, 0, 0, 18, 0, 0, 0, 2, 20
"d:\Git\Note\note_hexo\themes\3hexo\layout\_partial\comments\gitment.ejs", "HTML", 0, 0, 0, 0, 0, 15, 0, 0, 0, 1, 16
"d:\Git\Note\note_hexo\themes\3hexo\layout\_partial\comments\livere.ejs", "HTML", 0, 0, 0, 0, 0, 19, 0, 0, 2, 3, 24
"d:\Git\Note\note_hexo\themes\3hexo\layout\_partial\comments\utteranc.ejs", "HTML", 0, 0, 0, 0, 0, 16, 0, 0, 0, 1, 17
"d:\Git\Note\note_hexo\themes\3hexo\layout\_partial\copyright.ejs", "HTML", 0, 0, 0, 0, 0, 7, 0, 0, 1, 1, 9
"d:\Git\Note\note_hexo\themes\3hexo\layout\_partial\dashang.ejs", "HTML", 0, 0, 0, 0, 0, 16, 0, 0, 0, 1, 17
"d:\Git\Note\note_hexo\themes\3hexo\layout\_partial\footer.ejs", "HTML", 0, 0, 0, 0, 0, 506, 0, 0, 12, 83, 601
"d:\Git\Note\note_hexo\themes\3hexo\layout\_partial\friends.ejs", "HTML", 0, 0, 0, 0, 0, 13, 0, 0, 0, 0, 13
"d:\Git\Note\note_hexo\themes\3hexo\layout\_partial\full-toc.ejs", "HTML", 0, 0, 0, 0, 0, 2, 0, 0, 0, 1, 3
"d:\Git\Note\note_hexo\themes\3hexo\layout\_partial\header.ejs", "HTML", 0, 0, 0, 0, 0, 63, 0, 0, 0, 5, 68
"d:\Git\Note\note_hexo\themes\3hexo\layout\_partial\mathjax.ejs", "HTML", 0, 0, 0, 0, 0, 36, 0, 0, 3, 0, 39
"d:\Git\Note\note_hexo\themes\3hexo\layout\_partial\meta.ejs", "HTML", 0, 0, 0, 0, 0, 33, 0, 0, 0, 2, 35
"d:\Git\Note\note_hexo\themes\3hexo\layout\_partial\nav-left.ejs", "HTML", 0, 0, 0, 0, 0, 121, 0, 0, 0, 2, 123
"d:\Git\Note\note_hexo\themes\3hexo\layout\_partial\nav-right.ejs", "HTML", 0, 0, 0, 0, 0, 41, 0, 0, 0, 4, 45
"d:\Git\Note\note_hexo\themes\3hexo\layout\_partial\tag.ejs", "HTML", 0, 0, 0, 0, 0, 10, 0, 0, 0, 2, 12
"d:\Git\Note\note_hexo\themes\3hexo\layout\_partial\toc-ref.ejs", "HTML", 0, 0, 0, 0, 0, 17, 0, 0, 0, 0, 17
"d:\Git\Note\note_hexo\themes\3hexo\layout\index.ejs", "HTML", 0, 0, 0, 0, 0, 57, 0, 0, 0, 1, 58
"d:\Git\Note\note_hexo\themes\3hexo\layout\indexs.md", "Markdown", 0, 0, 7, 0, 0, 0, 0, 0, 0, 6, 13
"d:\Git\Note\note_hexo\themes\3hexo\layout\post.ejs", "HTML", 0, 0, 0, 0, 0, 59, 0, 0, 7, 1, 67
"d:\Git\Note\note_hexo\themes\3hexo\source\css\fonts\icomoon.svg", "XML", 0, 0, 0, 0, 0, 0, 0, 33, 0, 0, 33
"d:\Git\Note\note_hexo\themes\3hexo\source\css\fonts\iconfont.svg", "XML", 0, 0, 0, 0, 0, 0, 0, 49, 3, 65, 117
"d:\Git\Note\note_hexo\themes\3hexo\source\css\fonts\selection.json", "JSON", 0, 716, 0, 0, 0, 0, 0, 0, 0, 0, 716
"d:\Git\Note\note_hexo\themes\3hexo\source\css\gitalk.css", "CSS", 0, 0, 0, 0, 0, 0, 1043, 0, 15, 125, 1183
"d:\Git\Note\note_hexo\themes\3hexo\source\js\busuanzi.pure.mini.js", "JavaScript", 0, 0, 0, 0, 1, 0, 0, 0, 0, 0, 1
"d:\Git\Note\note_hexo\themes\3hexo\source\js\gitalk.js", "JavaScript", 0, 0, 0, 0, 6, 0, 0, 0, 29, 1, 36
"d:\Git\Note\note_hexo\themes\3hexo\source\js\gitment.js", "JavaScript", 0, 0, 0, 0, 3555, 0, 0, 0, 35, 162, 3752
"d:\Git\Note\note_hexo\themes\3hexo\source\js\iconfont.js", "JavaScript", 0, 0, 0, 0, 1, 0, 0, 0, 0, 0, 1
"d:\Git\Note\note_hexo\themes\3hexo\source\js\jquery.pjax.js", "JavaScript", 0, 0, 0, 0, 502, 0, 0, 0, 277, 138, 917
"d:\Git\Note\note_hexo\themes\3hexo\source\js\script.js", "JavaScript", 0, 0, 0, 0, 784, 0, 0, 0, 66, 50, 900
"d:\Git\Note\note_hexo\themes\3hexo\source\js\search.js", "JavaScript", 0, 0, 0, 0, 109, 0, 0, 0, 28, 10, 147
"d:\Git\Note\note_hexo\themes\3hexo\source\js\titleTip.js", "JavaScript", 0, 0, 0, 0, 48, 0, 0, 0, 4, 0, 52
"d:\Git\Note\note_hexo\themes\next\.eslintrc.json", "JSON with Comments", 0, 0, 0, 4, 0, 0, 0, 0, 0, 1, 5
"d:\Git\Note\note_hexo\themes\next\.github\CODE_OF_CONDUCT.md", "Markdown", 0, 0, 62, 0, 0, 0, 0, 0, 0, 36, 98
"d:\Git\Note\note_hexo\themes\next\.github\CONTRIBUTING.md", "Markdown", 0, 0, 132, 0, 0, 0, 0, 0, 0, 51, 183
"d:\Git\Note\note_hexo\themes\next\.github\ISSUE_TEMPLATE\bug-report.md", "Markdown", 0, 0, 40, 0, 0, 0, 0, 0, 0, 26, 66
"d:\Git\Note\note_hexo\themes\next\.github\ISSUE_TEMPLATE\feature-request.md", "Markdown", 0, 0, 23, 0, 0, 0, 0, 0, 0, 17, 40
"d:\Git\Note\note_hexo\themes\next\.github\ISSUE_TEMPLATE\other.md", "Markdown", 0, 0, 16, 0, 0, 0, 0, 0, 0, 7, 23
"d:\Git\Note\note_hexo\themes\next\.github\ISSUE_TEMPLATE\question.md", "Markdown", 0, 0, 40, 0, 0, 0, 0, 0, 0, 26, 66
"d:\Git\Note\note_hexo\themes\next\.github\PULL_REQUEST_TEMPLATE.md", "Markdown", 0, 0, 28, 0, 0, 0, 0, 0, 7, 12, 47
"d:\Git\Note\note_hexo\themes\next\.github\config.yml", "YAML", 6, 0, 0, 0, 0, 0, 0, 0, 5, 4, 15
"d:\Git\Note\note_hexo\themes\next\.github\issue_label_bot.yaml", "YAML", 4, 0, 0, 0, 0, 0, 0, 0, 0, 1, 5
"d:\Git\Note\note_hexo\themes\next\.github\label-commenter-config.yml", "YAML", 29, 0, 0, 0, 0, 0, 0, 0, 1, 2, 32
"d:\Git\Note\note_hexo\themes\next\.github\labeler.yml", "YAML", 6, 0, 0, 0, 0, 0, 0, 0, 1, 2, 9
"d:\Git\Note\note_hexo\themes\next\.github\release-drafter.yml", "YAML", 27, 0, 0, 0, 0, 0, 0, 0, 1, 13, 41
"d:\Git\Note\note_hexo\themes\next\.github\stale.yml", "YAML", 15, 0, 0, 0, 0, 0, 0, 0, 9, 2, 26
"d:\Git\Note\note_hexo\themes\next\.github\workflows\label-commenter.yml", "YAML", 16, 0, 0, 0, 0, 0, 0, 0, 0, 3, 19
"d:\Git\Note\note_hexo\themes\next\.github\workflows\labeler.yml", "YAML", 10, 0, 0, 0, 0, 0, 0, 0, 0, 3, 13
"d:\Git\Note\note_hexo\themes\next\.github\workflows\linter.yml", "YAML", 12, 0, 0, 0, 0, 0, 0, 0, 0, 3, 15
"d:\Git\Note\note_hexo\themes\next\.github\workflows\lock.yml", "YAML", 16, 0, 0, 0, 0, 0, 0, 0, 1, 3, 20
"d:\Git\Note\note_hexo\themes\next\.github\workflows\release-drafter.yml", "YAML", 12, 0, 0, 0, 0, 0, 0, 0, 2, 3, 17
"d:\Git\Note\note_hexo\themes\next\.github\workflows\tester.yml", "YAML", 33, 0, 0, 0, 0, 0, 0, 0, 0, 3, 36
"d:\Git\Note\note_hexo\themes\next\LICENSE.md", "Markdown", 0, 0, 51, 0, 0, 0, 0, 0, 0, 13, 64
"d:\Git\Note\note_hexo\themes\next\README.md", "Markdown", 0, 0, 110, 0, 0, 0, 0, 0, 0, 56, 166
"d:\Git\Note\note_hexo\themes\next\_config.yml", "YAML", 361, 0, 0, 0, 0, 0, 0, 0, 415, 156, 932
"d:\Git\Note\note_hexo\themes\next\_vendors.yml", "YAML", 138, 0, 0, 0, 0, 0, 0, 0, 2, 2, 142
"d:\Git\Note\note_hexo\themes\next\crowdin.yml", "YAML", 9, 0, 0, 0, 0, 0, 0, 0, 0, 1, 10
"d:\Git\Note\note_hexo\themes\next\docs\AGPL3.md", "Markdown", 0, 0, 543, 0, 0, 0, 0, 0, 0, 106, 649
"d:\Git\Note\note_hexo\themes\next\docs\AUTHORS.md", "Markdown", 0, 0, 79, 0, 0, 0, 0, 0, 0, 9, 88
"d:\Git\Note\note_hexo\themes\next\docs\ru\README.md", "Markdown", 0, 0, 112, 0, 0, 0, 0, 0, 0, 57, 169
"d:\Git\Note\note_hexo\themes\next\docs\zh-CN\CODE_OF_CONDUCT.md", "Markdown", 0, 0, 61, 0, 0, 0, 0, 0, 0, 35, 96
"d:\Git\Note\note_hexo\themes\next\docs\zh-CN\CONTRIBUTING.md", "Markdown", 0, 0, 131, 0, 0, 0, 0, 0, 0, 51, 182
"d:\Git\Note\note_hexo\themes\next\docs\zh-CN\README.md", "Markdown", 0, 0, 110, 0, 0, 0, 0, 0, 0, 56, 166
"d:\Git\Note\note_hexo\themes\next\languages\README.md", "Markdown", 0, 0, 29, 0, 0, 0, 0, 0, 0, 11, 40
"d:\Git\Note\note_hexo\themes\next\languages\ar.yml", "YAML", 95, 0, 0, 0, 0, 0, 0, 0, 0, 1, 96
"d:\Git\Note\note_hexo\themes\next\languages\de.yml", "YAML", 95, 0, 0, 0, 0, 0, 0, 0, 0, 1, 96
"d:\Git\Note\note_hexo\themes\next\languages\default.yml", "YAML", 1, 0, 0, 0, 0, 0, 0, 0, 0, 0, 1
"d:\Git\Note\note_hexo\themes\next\languages\en.yml", "YAML", 94, 0, 0, 0, 0, 0, 0, 0, 0, 18, 112
"d:\Git\Note\note_hexo\themes\next\languages\es.yml", "YAML", 95, 0, 0, 0, 0, 0, 0, 0, 0, 1, 96
"d:\Git\Note\note_hexo\themes\next\languages\fa.yml", "YAML", 95, 0, 0, 0, 0, 0, 0, 0, 0, 1, 96
"d:\Git\Note\note_hexo\themes\next\languages\fr.yml", "YAML", 95, 0, 0, 0, 0, 0, 0, 0, 0, 1, 96
"d:\Git\Note\note_hexo\themes\next\languages\id.yml", "YAML", 95, 0, 0, 0, 0, 0, 0, 0, 0, 1, 96
"d:\Git\Note\note_hexo\themes\next\languages\it.yml", "YAML", 95, 0, 0, 0, 0, 0, 0, 0, 0, 1, 96
"d:\Git\Note\note_hexo\themes\next\languages\ja.yml", "YAML", 95, 0, 0, 0, 0, 0, 0, 0, 0, 1, 96
"d:\Git\Note\note_hexo\themes\next\languages\ko.yml", "YAML", 95, 0, 0, 0, 0, 0, 0, 0, 0, 1, 96
"d:\Git\Note\note_hexo\themes\next\languages\nl.yml", "YAML", 95, 0, 0, 0, 0, 0, 0, 0, 0, 1, 96
"d:\Git\Note\note_hexo\themes\next\languages\pt-BR.yml", "YAML", 95, 0, 0, 0, 0, 0, 0, 0, 0, 1, 96
"d:\Git\Note\note_hexo\themes\next\languages\pt.yml", "YAML", 95, 0, 0, 0, 0, 0, 0, 0, 0, 1, 96
"d:\Git\Note\note_hexo\themes\next\languages\ru.yml", "YAML", 95, 0, 0, 0, 0, 0, 0, 0, 0, 1, 96
"d:\Git\Note\note_hexo\themes\next\languages\tr.yml", "YAML", 95, 0, 0, 0, 0, 0, 0, 0, 0, 1, 96
"d:\Git\Note\note_hexo\themes\next\languages\uk.yml", "YAML", 95, 0, 0, 0, 0, 0, 0, 0, 0, 1, 96
"d:\Git\Note\note_hexo\themes\next\languages\vi.yml", "YAML", 95, 0, 0, 0, 0, 0, 0, 0, 0, 1, 96
"d:\Git\Note\note_hexo\themes\next\languages\zh-CN.yml", "YAML", 95, 0, 0, 0, 0, 0, 0, 0, 0, 1, 96
"d:\Git\Note\note_hexo\themes\next\languages\zh-HK.yml", "YAML", 95, 0, 0, 0, 0, 0, 0, 0, 0, 1, 96
"d:\Git\Note\note_hexo\themes\next\languages\zh-TW.yml", "YAML", 95, 0, 0, 0, 0, 0, 0, 0, 0, 1, 96
"d:\Git\Note\note_hexo\themes\next\package.json", "JSON", 0, 42, 0, 0, 0, 0, 0, 0, 0, 1, 43
"d:\Git\Note\note_hexo\themes\next\renovate.json", "JSON", 0, 5, 0, 0, 0, 0, 0, 0, 0, 1, 6
"d:\Git\Note\note_hexo\themes\next\scripts\codeblock.js", "JavaScript", 0, 0, 0, 0, 22, 0, 0, 0, 0, 2, 24
"d:\Git\Note\note_hexo\themes\next\scripts\events\index.js", "JavaScript", 0, 0, 0, 0, 21, 0, 0, 0, 5, 4, 30
"d:\Git\Note\note_hexo\themes\next\scripts\events\lib\config.js", "JavaScript", 0, 0, 0, 0, 44, 0, 0, 0, 1, 9, 54
"d:\Git\Note\note_hexo\themes\next\scripts\events\lib\highlight.js", "JavaScript", 0, 0, 0, 0, 25, 0, 0, 0, 0, 4, 29
"d:\Git\Note\note_hexo\themes\next\scripts\events\lib\injects.js", "JavaScript", 0, 0, 0, 0, 66, 0, 0, 0, 12, 8, 86
"d:\Git\Note\note_hexo\themes\next\scripts\events\lib\utils.js", "JavaScript", 0, 0, 0, 0, 55, 0, 0, 0, 1, 6, 62
"d:\Git\Note\note_hexo\themes\next\scripts\events\lib\vendors.js", "JavaScript", 0, 0, 0, 0, 35, 0, 0, 0, 0, 3, 38
"d:\Git\Note\note_hexo\themes\next\scripts\filters\comment\changyan.js", "JavaScript", 0, 0, 0, 0, 33, 0, 0, 0, 3, 10, 46
"d:\Git\Note\note_hexo\themes\next\scripts\filters\comment\common.js", "JavaScript", 0, 0, 0, 0, 21, 0, 0, 0, 0, 3, 24
"d:\Git\Note\note_hexo\themes\next\scripts\filters\comment\default-config.js", "JavaScript", 0, 0, 0, 0, 26, 0, 0, 0, 5, 4, 35
"d:\Git\Note\note_hexo\themes\next\scripts\filters\comment\disqus.js", "JavaScript", 0, 0, 0, 0, 29, 0, 0, 0, 3, 10, 42
"d:\Git\Note\note_hexo\themes\next\scripts\filters\comment\disqusjs.js", "JavaScript", 0, 0, 0, 0, 14, 0, 0, 0, 2, 7, 23
"d:\Git\Note\note_hexo\themes\next\scripts\filters\comment\gitalk.js", "JavaScript", 0, 0, 0, 0, 8, 0, 0, 0, 2, 7, 17
"d:\Git\Note\note_hexo\themes\next\scripts\filters\comment\livere.js", "JavaScript", 0, 0, 0, 0, 12, 0, 0, 0, 2, 7, 21
"d:\Git\Note\note_hexo\themes\next\scripts\filters\comment\valine.js", "JavaScript", 0, 0, 0, 0, 23, 0, 0, 0, 3, 10, 36
"d:\Git\Note\note_hexo\themes\next\scripts\filters\default-injects.js", "JavaScript", 0, 0, 0, 0, 16, 0, 0, 0, 1, 8, 25
"d:\Git\Note\note_hexo\themes\next\scripts\filters\locals.js", "JavaScript", 0, 0, 0, 0, 27, 0, 0, 0, 7, 4, 38
"d:\Git\Note\note_hexo\themes\next\scripts\filters\minify.js", "JavaScript", 0, 0, 0, 0, 23, 0, 0, 0, 1, 9, 33
"d:\Git\Note\note_hexo\themes\next\scripts\filters\post.js", "JavaScript", 0, 0, 0, 0, 19, 0, 0, 0, 3, 7, 29
"d:\Git\Note\note_hexo\themes\next\scripts\helpers\engine.js", "JavaScript", 0, 0, 0, 0, 54, 0, 0, 0, 7, 11, 72
"d:\Git\Note\note_hexo\themes\next\scripts\helpers\font.js", "JavaScript", 0, 0, 0, 0, 16, 0, 0, 0, 3, 7, 26
"d:\Git\Note\note_hexo\themes\next\scripts\helpers\next-config.js", "JavaScript", 0, 0, 0, 0, 44, 0, 0, 0, 4, 4, 52
"d:\Git\Note\note_hexo\themes\next\scripts\helpers\next-url.js", "JavaScript", 0, 0, 0, 0, 40, 0, 0, 0, 8, 11, 59
"d:\Git\Note\note_hexo\themes\next\scripts\helpers\next-vendors.js", "JavaScript", 0, 0, 0, 0, 27, 0, 0, 0, 1, 3, 31
"d:\Git\Note\note_hexo\themes\next\scripts\renderer.js", "JavaScript", 0, 0, 0, 0, 33, 0, 0, 0, 3, 7, 43
"d:\Git\Note\note_hexo\themes\next\scripts\tags\button.js", "JavaScript", 0, 0, 0, 0, 16, 0, 0, 0, 3, 5, 24
"d:\Git\Note\note_hexo\themes\next\scripts\tags\caniuse.js", "JavaScript", 0, 0, 0, 0, 9, 0, 0, 0, 3, 5, 17
"d:\Git\Note\note_hexo\themes\next\scripts\tags\center-quote.js", "JavaScript", 0, 0, 0, 0, 6, 0, 0, 0, 3, 3, 12
"d:\Git\Note\note_hexo\themes\next\scripts\tags\group-pictures.js", "JavaScript", 0, 0, 0, 0, 106, 0, 0, 0, 12, 15, 133
"d:\Git\Note\note_hexo\themes\next\scripts\tags\index.js", "JavaScript", 0, 0, 0, 0, 31, 0, 0, 0, 1, 24, 56
"d:\Git\Note\note_hexo\themes\next\scripts\tags\label.js", "JavaScript", 0, 0, 0, 0, 6, 0, 0, 0, 3, 5, 14
"d:\Git\Note\note_hexo\themes\next\scripts\tags\link-grid.js", "JavaScript", 0, 0, 0, 0, 13, 0, 0, 0, 3, 3, 19
"d:\Git\Note\note_hexo\themes\next\scripts\tags\mermaid.js", "JavaScript", 0, 0, 0, 0, 8, 0, 0, 0, 3, 4, 15
"d:\Git\Note\note_hexo\themes\next\scripts\tags\note.js", "JavaScript", 0, 0, 0, 0, 20, 0, 0, 0, 3, 3, 26
"d:\Git\Note\note_hexo\themes\next\scripts\tags\pdf.js", "JavaScript", 0, 0, 0, 0, 5, 0, 0, 0, 3, 3, 11
"d:\Git\Note\note_hexo\themes\next\scripts\tags\tabs.js", "JavaScript", 0, 0, 0, 0, 31, 0, 0, 0, 3, 14, 48
"d:\Git\Note\note_hexo\themes\next\scripts\tags\video.js", "JavaScript", 0, 0, 0, 0, 4, 0, 0, 0, 3, 3, 10
"d:\Git\Note\note_hexo\themes\next\source\images\cc-by-nc-nd.svg", "XML", 0, 0, 0, 0, 0, 0, 0, 120, 1, 1, 122
"d:\Git\Note\note_hexo\themes\next\source\images\cc-by-nc-sa.svg", "XML", 0, 0, 0, 0, 0, 0, 0, 120, 1, 1, 122
"d:\Git\Note\note_hexo\themes\next\source\images\cc-by-nc.svg", "XML", 0, 0, 0, 0, 0, 0, 0, 120, 1, 1, 122
"d:\Git\Note\note_hexo\themes\next\source\images\cc-by-nd.svg", "XML", 0, 0, 0, 0, 0, 0, 0, 116, 1, 1, 118
"d:\Git\Note\note_hexo\themes\next\source\images\cc-by-sa.svg", "XML", 0, 0, 0, 0, 0, 0, 0, 120, 1, 1, 122
"d:\Git\Note\note_hexo\themes\next\source\images\cc-by.svg", "XML", 0, 0, 0, 0, 0, 0, 0, 120, 1, 1, 122
"d:\Git\Note\note_hexo\themes\next\source\images\cc-zero.svg", "XML", 0, 0, 0, 0, 0, 0, 0, 71, 1, 1, 73
"d:\Git\Note\note_hexo\themes\next\source\images\logo-algolia-nebula-blue-full.svg", "XML", 0, 0, 0, 0, 0, 0, 0, 1, 0, 0, 1
"d:\Git\Note\note_hexo\themes\next\source\images\logo.svg", "XML", 0, 0, 0, 0, 0, 0, 0, 23, 0, 1, 24
"d:\Git\Note\note_hexo\themes\next\source\js\algolia-search.js", "JavaScript", 0, 0, 0, 0, 111, 0, 0, 0, 5, 13, 129
"d:\Git\Note\note_hexo\themes\next\source\js\bookmark.js", "JavaScript", 0, 0, 0, 0, 43, 0, 0, 0, 9, 5, 57
"d:\Git\Note\note_hexo\themes\next\source\js\local-search.js", "JavaScript", 0, 0, 0, 0, 277, 0, 0, 0, 26, 28, 331
"d:\Git\Note\note_hexo\themes\next\source\js\motion.js", "JavaScript", 0, 0, 0, 0, 108, 0, 0, 0, 2, 16, 126
"d:\Git\Note\note_hexo\themes\next\source\js\next-boot.js", "JavaScript", 0, 0, 0, 0, 106, 0, 0, 0, 8, 14, 128
"d:\Git\Note\note_hexo\themes\next\source\js\schedule.js", "JavaScript", 0, 0, 0, 0, 112, 0, 0, 0, 6, 22, 140
"d:\Git\Note\note_hexo\themes\next\source\js\schemes\muse.js", "JavaScript", 0, 0, 0, 0, 53, 0, 0, 0, 3, 6, 62
"d:\Git\Note\note_hexo\themes\next\source\js\utils.js", "JavaScript", 0, 0, 0, 0, 312, 0, 0, 0, 30, 27, 369
"d:\Git\Note\note_hexo\themes\next\test\helpers\font.js", "JavaScript", 0, 0, 0, 0, 76, 0, 0, 0, 0, 11, 87
"d:\Git\Note\note_hexo\themes\next\test\helpers\index.js", "JavaScript", 0, 0, 0, 0, 5, 0, 0, 0, 0, 2, 7
"d:\Git\Note\note_hexo\themes\next\test\helpers\next-url.js", "JavaScript", 0, 0, 0, 0, 31, 0, 0, 0, 0, 10, 41
"d:\Git\Note\note_hexo\themes\next\test\index.js", "JavaScript", 0, 0, 0, 0, 6, 0, 0, 0, 0, 2, 8
"d:\Git\Note\note_hexo\themes\next\test\tags\button.js", "JavaScript", 0, 0, 0, 0, 25, 0, 0, 0, 0, 9, 34
"d:\Git\Note\note_hexo\themes\next\test\tags\caniuse.js", "JavaScript", 0, 0, 0, 0, 13, 0, 0, 0, 0, 5, 18
"d:\Git\Note\note_hexo\themes\next\test\tags\center-quote.js", "JavaScript", 0, 0, 0, 0, 15, 0, 0, 0, 0, 7, 22
"d:\Git\Note\note_hexo\themes\next\test\tags\group-pictures.js", "JavaScript", 0, 0, 0, 0, 38, 0, 0, 0, 0, 8, 46
"d:\Git\Note\note_hexo\themes\next\test\tags\index.js", "JavaScript", 0, 0, 0, 0, 14, 0, 0, 0, 0, 2, 16
"d:\Git\Note\note_hexo\themes\next\test\tags\label.js", "JavaScript", 0, 0, 0, 0, 16, 0, 0, 0, 0, 6, 22
"d:\Git\Note\note_hexo\themes\next\test\tags\link-grid.js", "JavaScript", 0, 0, 0, 0, 41, 0, 0, 0, 0, 9, 50
"d:\Git\Note\note_hexo\themes\next\test\tags\mermaid.js", "JavaScript", 0, 0, 0, 0, 16, 0, 0, 0, 0, 6, 22
"d:\Git\Note\note_hexo\themes\next\test\tags\note.js", "JavaScript", 0, 0, 0, 0, 42, 0, 0, 0, 0, 14, 56
"d:\Git\Note\note_hexo\themes\next\test\tags\pdf.js", "JavaScript", 0, 0, 0, 0, 18, 0, 0, 0, 0, 6, 24
"d:\Git\Note\note_hexo\themes\next\test\tags\tabs.js", "JavaScript", 0, 0, 0, 0, 77, 0, 0, 0, 0, 20, 97
"d:\Git\Note\note_hexo\themes\next\test\tags\video.js", "JavaScript", 0, 0, 0, 0, 8, 0, 0, 0, 0, 4, 12
"d:\Git\Note\note_hexo\themes\next\test\validate\index.js", "JavaScript", 0, 0, 0, 0, 31, 0, 0, 0, 0, 5, 36
"Total", "-", 2922, 797, 16134, 4, 7588, 1255, 1043, 893, 1299, 9029, 40964